{
  "fileName": "AlphaTestimonials-5.mp4",
  "transcription": "I'm Rosie, and I'm 8 years old, and I'm in a 1. I love alpha because I'm surrounded by kids that like to work as hard as me.",
  "fullTranscript": {
    "text": " I'm Rosie, and I'm 8 years old, and I'm in a 1. I love alpha because I'm surrounded by kids that like to work as hard as me.",
    "segments": [
      {
        "id": 0,
        "seek": 0,
        "start": 0,
        "end": 5,
        "text": " I'm Rosie, and I'm 8 years old, and I'm in a 1.",
        "tokens": [
          50364,
          286,
          478,
          40521,
          11,
          293,
          286,
          478,
          1649,
          924,
          1331,
          11,
          293,
          286,
          478,
          294,
          257,
          502,
          13,
          50614
        ],
        "temperature": 0,
        "avg_logprob": -0.2827892070863305,
        "compression_ratio": 1.180952380952381,
        "no_speech_prob": 0.04135994613170624
      },
      {
        "id": 1,
        "seek": 0,
        "start": 5,
        "end": 9.5,
        "text": " I love alpha because I'm surrounded by kids that like to work as hard as me.",
        "tokens": [
          50614,
          286,
          959,
          8961,
          570,
          286,
          478,
          13221,
          538,
          2301,
          300,
          411,
          281,
          589,
          382,
          1152,
          382,
          385,
          13,
          50839
        ],
        "temperature": 0,
        "avg_logprob": -0.2827892070863305,
        "compression_ratio": 1.180952380952381,
        "no_speech_prob": 0.04135994613170624
      }
    ],
    "language": "en"
  },
  "timestamp": "2025-08-03T23:16:37.503Z",
  "duration": null,
  "metadata": {
    "duration": 10,
    "fileSize": 11893744,
    "width": 1920,
    "height": 1080,
    "bitrate": 9945987
  }
}