{
  "fileName": "AlphaTestimonials-14.mp4",
  "transcription": "My name is Lulu and I'm an L2. One of the reasons I love Alpha is because we have our own currency that motivates us to do more work.",
  "fullTranscript": {
    "text": " My name is Lulu and I'm an L2. One of the reasons I love Alpha is because we have our own currency that motivates us to do more work.",
    "segments": [
      {
        "id": 0,
        "seek": 0,
        "start": 0,
        "end": 1.84,
        "text": " My name is Lulu and I'm an L2.",
        "tokens": [
          50364,
          1222,
          1315,
          307,
          45223,
          293,
          286,
          478,
          364,
          441,
          17,
          13,
          50456
        ],
        "temperature": 0,
        "avg_logprob": -0.20675922575451078,
        "compression_ratio": 1.1666666666666667,
        "no_speech_prob": 0.030891375616192818
      },
      {
        "id": 1,
        "seek": 0,
        "start": 1.84,
        "end": 3.44,
        "text": " One of the reasons I love Alpha",
        "tokens": [
          50456,
          1485,
          295,
          264,
          4112,
          286,
          959,
          20588,
          50536
        ],
        "temperature": 0,
        "avg_logprob": -0.20675922575451078,
        "compression_ratio": 1.1666666666666667,
        "no_speech_prob": 0.030891375616192818
      },
      {
        "id": 2,
        "seek": 0,
        "start": 3.44,
        "end": 5.36,
        "text": " is because we have our own currency",
        "tokens": [
          50536,
          307,
          570,
          321,
          362,
          527,
          1065,
          13346,
          50632
        ],
        "temperature": 0,
        "avg_logprob": -0.20675922575451078,
        "compression_ratio": 1.1666666666666667,
        "no_speech_prob": 0.030891375616192818
      },
      {
        "id": 3,
        "seek": 0,
        "start": 5.36,
        "end": 7.36,
        "text": " that motivates us to do more work.",
        "tokens": [
          50632,
          300,
          42569,
          505,
          281,
          360,
          544,
          589,
          13,
          50732
        ],
        "temperature": 0,
        "avg_logprob": -0.20675922575451078,
        "compression_ratio": 1.1666666666666667,
        "no_speech_prob": 0.030891375616192818
      }
    ],
    "language": "en"
  },
  "timestamp": "2025-08-03T23:14:45.696Z",
  "duration": null,
  "metadata": {
    "duration": 8,
    "fileSize": 9790579,
    "width": 1920,
    "height": 1080,
    "bitrate": 10305872
  }
}